x1,x2,x3,y
-1.7497654730546974,1.3426804033275022,1.653035802563644,1.0
-0.25243603652138985,1.9813207869512315,1.0142188413943822,1.0
0.22117966922140045,-0.07004333056829326,0.31050416917682466,0.0
0.25500144427338167,0.5419730144973758,0.9351634881228921,1.0
-0.5835950503226648,1.816847071685779,1.172720805709661,1.0
-0.10441114339062771,0.46871962314809024,1.5297326851333461,1.0
-0.43813562270441736,-0.11831824625543619,2.1189816606752596,1.0
1.5416051745134067,0.7481208607867871,-0.3424357382512976,0.0
0.18451869056394285,1.9370822011089524,1.2310003438348087,1.0
1.361556125145331,0.6737619407976975,0.5556760148547769,0.0
0.22239960855530486,-0.44321699522533686,-0.25635230559443545,0.0
0.8164540110192858,1.7504447615341785,0.044053072531997806,0.0
1.1896222680291255,-0.6906168263836041,-0.8563990488613127,0.0
-1.2324345139149262,0.4555608383275357,-0.16817173681342767,0.0
0.007314563228903049,0.3870612645218374,1.799748074755309,1.0
-1.733095623653281,0.016689900870370034,0.8575077531673654,1.0
-1.6135785028221759,2.4707138666121287,-0.6880175973177194,0.0
-0.5497461935354897,0.059953838455231834,-0.3279323643658708,0.0
0.1088634678336795,1.5078095904923199,-0.3622273465104797,0.0
1.249469742726979,0.9203887540826006,-0.3897314812650339,0.0
-0.8817983894830175,1.01863894948806,0.7378446219236218,1.0
0.013548548628612411,-0.635529399380822,-0.544209877709317,0.0
0.6130388816875463,1.736205213323824,1.5269214393997905,1.0
-1.4321906110589266,-0.8411883001867171,0.8660932261673037,1.0
-0.3317771350528086,0.31078202191024684,2.5346075615049335,1.0
-0.5507144119145928,1.7504533303268413,-0.8069923390808191,0.0
0.5805733357942744,-0.10452309266229376,1.1901214702247076,1.0
0.6868900661384048,-0.5666875295783911,1.4049741214666813,1.0
0.7788223993230673,1.4282328705967406,0.6088719898979145,0.0
0.028283634823073247,0.42117417520901157,-0.6994511991939312,0.0
-1.7059520057381703,1.3691639571070058,2.3765734269621657,1.0
-0.37690335016897475,2.8319360818255364,0.503017434031214,1.0
-0.07602346572462335,1.003957593987599,0.31498588910288605,0.0
-2.4871515352227695,-0.7046512057609624,-0.6362610068273629,0.0
-2.9733154740508856,1.0333172781388629,0.2511113329418921,1.0
-0.45017643501165083,1.1324278011487738,0.522213928039391,0.0
0.31736797594106797,0.24758582227496262,-0.7963918071501508,0.0
0.095139443565453,0.5762849000565795,-0.685983564929173,0.0
-0.365461992676627,-0.27102304084666096,2.086170938423235,1.0
0.6933906585165882,-0.9580812342078666,0.3651986880100051,0.0
-1.5406160245526137,3.0467139684821385,-0.8969993449532836,0.0
-1.0971719846398227,0.7612871306853204,-0.929066898448291,0.0
0.9490047765052598,0.9806024140375347,1.3945977057600132,1.0
0.7596931198502055,-0.4977203810831696,-0.6938859767919381,0.0
1.2962625863990573,1.9522756260818905,-0.7172541306410147,0.0
-0.15726516737513793,-0.5075851602643862,0.6078841308066136,0.0
0.7470556550991475,1.4296764358626097,-0.9150429208525259,0.0
-0.6407599230105716,1.779626303663696,0.06187908365115713,0.0
2.0747931679465657,0.6567023178175302,-0.11662937168319454,0.0
0.7631836460599923,1.1929171918233066,0.1515410693476294,0.0
2.2986539407136757,0.8347904473592682,0.9662993683571894,0.0
0.269987238631089,0.6801689528819117,-0.6477415998765863,0.0
1.703623988120705,0.27784922994424666,1.5936866496587212,1.0
-0.2295177532399562,0.9911013367078897,-0.04319800840717214,0.0
0.7530621876919789,-0.6094388961729544,2.443262263433996,1.0
-1.4474361123195851,1.1302484553527021,1.4493608646609868,1.0
-2.0151887171225265,0.920459413065889,0.8010494637880654,1.0
-1.6848999616851803,1.2223908094454485,-0.1849217352472302,0.0
-0.12620118371357705,2.9902736497540907,1.0229978045207515,1.0
-0.01634540275748717,0.5841836641593501,-0.8585029367597998,0.0
-0.5144298913687851,0.7839398799967388,0.9223802204219781,1.0
-1.094042931032235,2.2369078851902255,0.2697153215728921,0.0
-0.7044181997350232,0.408624878914828,1.2369951690182122,1.0
0.4358672525149101,2.7759935855067663,1.0130743788396455,1.0
1.1705269829481435,3.0777122322502035,0.04407798078597974,0.0
0.6491729272546821,0.8252184455485019,1.5172643432511694,1.0
-0.5999830448488669,2.576166724319206,1.1044235385892025,1.0
-0.9070304174806991,1.5920232693603777,0.06293558434842672,0.0
0.10177577296931657,2.308346826644147,1.8876018114085524,1.0
-1.7353911473330734,1.2883774202273242,0.16091456672363647,1.0
0.5273691328244136,0.6256971162522529,0.9770922974176844,1.0
-1.4297626622362145,1.4077065249765084,-0.328280392745567,0.0
0.4234572818376501,0.8404826349966693,1.7410820871966046,1.0
1.6635363107373078,0.338062285074086,3.965227148479317,1.0
0.39143861927191975,1.3272453529764516,0.18865293943132533,0.0
-1.4246555886796946,0.37512781465876777,0.3900046040791441,1.0
0.9529594279919252,0.016637356357062427,-0.5945571896156956,0.0
-0.24134874955198468,0.4048861608432983,-0.48281189478230613,0.0
0.08822993442548502,0.39724063017628597,1.6255554529825982,1.0
0.9270532988002531,-1.2691569946862655,0.15182936226682564,0.0
-0.1640254026760564,2.2165805903649094,-0.12685390472830071,0.0
-0.2749398078895973,2.1474574385139897,1.6599689740750685,1.0
0.702184505359777,-0.28390481061431005,2.0223077678776793,1.0
-0.17996331764913345,0.6238526323840636,0.9603492106616838,1.0
1.455421460737774,1.2415068878754467,0.4623333294027609,0.0
0.8315330299051433,3.299369468755593,-0.43960244305876206,0.0
0.11182257854217889,3.5394320331114613,0.9035984154253558,1.0
-1.8848343873195796,2.277452031864895,0.05441173619342404,0.0
-1.2703180389254833,1.6355011681954532,0.20156432890767262,1.0
-0.4022899215971822,0.4633595731876753,1.3231244016664832,1.0
0.025191903274544,2.5175361283542563,0.8696111506737347,1.0
-0.4806321621688906,2.0423327430213356,1.598875986566869,1.0
-2.132910373907718,1.759204331401956,0.21481912987729862,1.0
0.4804114112715212,1.4680006882027643,3.2090019473659184,1.0
2.019086116729861,1.7474034182399545,-0.08970858674771887,0.0
-0.8134248245767957,0.8231031356554681,1.0070475019762872,1.0
-0.2667781642372559,0.14393797800214214,2.0593148568891024,1.0
-1.0926888646283135,1.7580424981657605,-0.699439969467994,0.0
0.1763704781550424,0.12426915840122288,0.6176084562665642,0.0
-0.958168335581346,-0.8811146489414055,0.6823427274870422,0.0
-0.5484922802752095,0.9473650302275477,3.6733905239619795,1.0
3.334203517597432,2.603371996348992,1.5128962309550167,1.0
1.8445232062556762,0.6638563715230432,0.998750488804228,0.0
-1.0778260770671824,1.5769340599430341,0.5865248486075729,1.0
0.38378884838187516,2.334730757727143,2.171791188614668,1.0
-0.3130077315757537,1.1235526291853273,2.0477291028255866,1.0
-0.10788917679723521,2.0033975572213905,1.387671780826265,1.0
0.08864979057352633,-0.32457809594023024,0.7383846452550062,0.0
1.1966614601200112,0.5351574297281201,-0.6366727112923867,0.0
0.2484946248806814,1.3506928143980161,0.3679232852867574,0.0
-0.5256451948154732,0.415110667540052,-0.42924719790142485,0.0
0.39841641960968166,-0.35590785559729987,-1.2115830531175702,0.0
0.15859859636139104,3.1324867288289617,3.2213336098665635,1.0
-1.9728640480783795,1.5398129189913057,1.0431731800991408,1.0
0.9637445310773097,2.2537261342634505,0.27986943623200844,0.0
-0.25227004044698087,1.0100371394083976,0.980288382285272,1.0
-1.9569675522430627,0.435515341692323,-0.663235822180662,0.0
-0.021175774300496716,1.3310716826144584,0.13350375055293978,0.0
0.8604754069049109,0.7534027004659332,1.990533097267343,1.0
-0.39939137701024663,1.3252062923168106,-0.15428085380793266,0.0
-0.01912275129904966,1.9929416493373555,0.37040344098633127,0.0
-0.1708304076874391,1.790428090472274,1.5918159072154612,1.0
-0.40508326392063543,1.5364439368681257,-1.6313146599852018,0.0
0.2630766894332881,-0.27105798549423454,1.4291001132966914,1.0
-1.9314128569290476,1.0242153406040635,-0.7136915393452139,0.0
0.1881369570559398,0.42773610079256863,3.245117964775073,1.0
0.12495397935004156,-0.06524615482103124,1.1030536979033265,1.0
-1.0614676369216434,-0.5164304957203023,0.8292825052948596,0.0
-1.9836209428041778,1.1671367837041149,0.3211060004812579,1.0
1.178239159200306,0.5565920139433425,1.2389539007599524,1.0
-0.15484845483449294,0.9139443566274581,0.1642431614769146,0.0
-0.1366293792823912,1.0927764249673497,0.689718791979586,0.0
-2.048671922604096,1.7837860781804775,0.2670154384205048,1.0
-1.1844114274105708,0.8022027097388044,-0.35467278927957313,0.0
0.02359749586524577,0.8295435315903522,-0.5696662666401626,0.0
0.22583874577075078,0.13234050163361122,0.9184152388377469,1.0
-2.305258151983712,1.162155599762036,-0.07884112094719531,1.0
-0.3992846345441018,2.4878944321336367,0.14218314764806445,0.0
0.35643089395408944,2.031282196801967,2.0225430928104693,1.0
-1.0164811121806232,2.1284147518659724,-0.42724859936777415,0.0
-1.1927713830291693,2.3748594175398905,-0.20323695106614525,0.0
0.24420707079596798,2.032345910779016,2.1169399021897064,1.0
-0.05483023725936617,0.7519886517280001,0.10327505013685889,0.0
-0.033547027338664666,2.0329180459160616,-1.4898222399382914,0.0
-0.2780337171101295,1.7656954261085818,1.2441495680026682,1.0
-1.7231933239653434,2.0303924263130786,0.5597147706929366,1.0
-0.9342158375564429,-0.06244113688842856,-0.1294458606293386,0.0
-0.3022844248616988,2.0396388948858855,-0.4309696527726209,0.0
-1.277629080640249,0.05567997406102243,0.1811925770395995,0.0
-2.0842708835548924,2.270311544692511,0.5308777529806381,1.0
0.6531758521433048,1.558346902284024,0.6363975365934349,1.0
-0.3373384111367292,-0.33716505088512694,0.08850904763759526,0.0
-0.10777619396316224,1.5229173631509836,1.4561499786482655,1.0
1.2033205926353625,0.023768478179089447,0.4248474295810859,0.0
0.35280658284312694,1.049037461548017,1.7860174671016282,1.0
-0.26722530141904327,2.3242380220962735,0.23240807822602344,1.0
-0.4694062226879811,-0.4257562814463445,1.3054921061469411,1.0
1.3547691398570894,1.8255591814670258,0.24131040952848543,0.0
0.7574995244231507,0.2955442969009726,1.7113185073849615,1.0
-1.8422341740345995,0.6317544358724784,-1.0479925634100813,0.0
-0.45167227065102006,-0.1375423986557498,0.3641232477228137,0.0
0.6343790937890923,0.986442081969549,0.8758968273279556,1.0
-0.23658235285975457,1.9791413360462422,1.5937481979752155,1.0
-1.3836221562341127,2.010133882865719,1.372663126231865,1.0
1.0376123351490436,1.3025477016355276,-0.7981174812942935,0.0
0.8478637181249223,0.7311236006316826,0.8019829920059973,0.0
-2.2719054986176683,1.7576049876525333,1.3760511854123076,1.0
2.1562199933480133,2.2887025562956076,0.35746480397415326,0.0
1.6659047027918155,-0.38011429643307904,4.35793967348964,1.0
3.075573893432424,1.830819563694863,-0.37826816754173054,0.0
0.13986220576101485,1.7125389403746354,0.8596237434172795,1.0
0.7127480011897636,2.0687856807518745,0.0048260451568378215,0.0
0.13296228043630398,0.9171014749953282,0.7142190474668312,1.0
0.692696057131838,-0.9081847831366037,0.6165333160584933,0.0
1.7551741656764832,0.6044343651409578,-0.4325834567618385,0.0
-0.6735645547992268,1.714532047991697,-1.290003919076157,0.0
0.22430285295477725,-2.209955381978046,2.023584831579529,1.0
-0.0696156591485477,2.36559019919265,-0.05869533571675656,0.0
0.2753934759411781,3.4009183113212806,-0.5110351209554707,0.0
0.9425068791712249,-1.221510823700524,-2.085767588999438,0.0
0.6889213621579444,1.0412745742026999,0.0022733155431507446,0.0
-0.009847287471481413,0.4823396762806186,0.8021768252082722,1.0
0.7734409975442094,1.988208848486463,0.5176002069230979,0.0
0.8198061540197786,1.687759695794799,0.893158192249109,1.0
-0.5108631934878929,-1.7520376626779268,0.30793091776077985,0.0
-0.23406889069910192,-0.6014139415281856,1.2910261496852211,1.0
0.012866884184724063,-0.34851188441845316,1.3660591728218054,1.0
0.7912949804001552,2.1769525136907477,-0.6654317335035704,0.0
0.5382460975045578,0.15713944829102466,-2.374968879865529,0.0
-0.5285056361126661,0.6789110092898476,2.682275910834502,1.0
0.32870245607283527,2.448001420876049,0.06271275745617555,1.0
0.9114744851303214,-0.1268282836571295,1.614733892631557,1.0
-1.2265674316518074,2.35527256153284,0.4111423329161119,1.0
-0.694949123737318,-0.014472040697365296,1.3712160137184646,1.0
-0.9194792276680201,1.2876311214263634,-0.03279237278260949,0.0
0.16564178605539887,1.0166723734232694,-0.13143225155942528,0.0
-1.0040158066788205,-0.3120985315266447,0.9468262467964786,1.0
0.14853198602056514,2.8363081603106135,0.6396675784886334,1.0
-1.7651938506826501,2.4476040528943543,-0.6417786944082575,0.0
0.7464021537026985,0.530972196252391,1.2869814652437135,1.0
-0.1820208348243829,-0.0033807177300420044,-0.4369221110721804,0.0
-0.9442706004373587,0.2724787491454961,2.5654861372867295,1.0
0.1360612935062583,1.2018138638300604,1.7707549044789055,1.0
-1.0034745347115275,0.26766218975160727,-0.14799211304521165,0.0
-0.7855214383236936,2.7347311831934773,0.05384614056760284,0.0
-1.2399203282859266,0.708213553602985,-0.1601392708428152,0.0
-1.0917976649357448,1.5648569127221106,-1.4445402822954807,0.0
0.26393122365044175,2.5387536595031532,2.897073067233959,1.0
1.5562083709832442,0.7973171772755694,0.3910937383618907,0.0
1.1352016674683758,2.0097935422904265,-0.4134206948382958,0.0
-2.2292589330885986,0.5372696863578257,2.1282076357873105,1.0
-0.0758997670485449,-0.3945327153213618,-0.2799983027126963,0.0
0.6986307702990094,1.472913464648404,0.22754819122903658,0.0
0.18479275551351085,0.6610164679070893,0.35768769246449794,0.0
-1.44904592785806,-0.3227165003614927,-0.21090242259896708,0.0
-0.606184110109761,-0.07224227237928416,1.0454540297228883,1.0
0.5391724452767099,2.1988239385167683,0.42315966029480323,1.0
-0.6933878511104847,0.05302394740976468,-1.7686199622461012,0.0
0.21359010083019977,-0.2650576940187981,1.4636968648987307,1.0
0.5183435151558969,1.5900261263151267,1.6311811909202247,1.0
-0.1090739625676252,0.9418338828474395,-0.34251599247382714,0.0
-0.7529456042925735,0.5174346854384623,1.0245478462345328,1.0
-0.2645836803644654,1.3530051834614323,0.7238241190906629,1.0
-0.37219899010144253,3.6474189892831026,0.6332902420274303,1.0
0.8100978673990902,-1.066453723784956,0.17159192060827022,0.0
0.2854489945462638,1.9127282586749041,-0.38539519723148385,0.0
0.662893215100046,-0.548077411041423,-0.05587442554628019,0.0
-0.20939878024355807,2.839870935183092,0.48796423207778705,1.0
1.544249561568332,-1.185153803257982,-0.40525364077920956,0.0
0.21306591909620448,0.034284337552722643,1.5094897718684082,1.0
-1.0122112207459872,1.9050528629328798,-0.4129893226159165,0.0
-0.45036832301510676,2.0407174952822524,-0.2555250892846609,0.0
0.42441824827810354,1.0664443023310697,0.4120045944983591,0.0
1.954430088902813,1.5679433816499357,0.3983620256181565,0.0
0.0692509618345264,-0.16160194672827655,0.8270261565272188,1.0
0.5673334205644196,1.9015922583874203,2.377142870637792,1.0
0.4306132751340653,-0.19078425486019102,0.7262121311410065,0.0
-0.5693165703158745,0.2677392902632335,-0.21174158551668798,0.0
0.05687216122626013,0.17650112836666954,0.8066358525786897,1.0
-1.8338737352874381,-1.8922404053651398,0.34140867988928636,0.0
-1.5316018230959503,0.42205373300820714,-1.4059055368464786,0.0
-2.008942616762241,1.2388959830296435,-0.008452885152254841,1.0
-0.04826170379593097,0.9649729498110923,-0.2273069057149364,0.0
1.5183620699261768,1.361025416345379,3.076977679031155,1.0
1.5873212424728582,1.687677616154882,0.48178765289538683,0.0
-0.5895820679190703,0.2698337197751627,0.6343828114436166,1.0
0.9715535632493052,-0.058379442721874675,0.4713944737162035,0.0
-1.2522775141080984,1.10659762229931,1.0422573331869172,1.0
0.9912188508026412,1.287212986198135,-0.13596981864126045,0.0
-0.3785028025591672,1.0163228683406487,0.2904120475438514,1.0
0.3214442712943701,1.2335193692164914,1.5149522887472011,1.0
-1.365343241823016,1.2765310540908932,-0.45521588382279565,0.0
-0.2605126207976518,-0.32749098273128885,0.5373076558546499,0.0
-1.4526406739111428,0.17239826250007628,2.7921936458109897,1.0
0.6278876784461687,1.9527052435093046,-0.3296277386100398,0.0
1.1604663708722944,0.6884748945077312,-0.03939102282004736,0.0
0.540432755366913,1.1406950564673275,1.7382624131362387,1.0
-1.2855738604138573,0.21956582048637463,0.03382787361475581,0.0
0.096940343318409,0.541769601723983,0.4206336839442447,0.0
-0.3182853136155345,1.9195436457578192,-0.061177342719766936,0.0
-0.4101120092081721,1.068125708235849,0.4010808796390507,0.0
0.23925986087456788,-0.2674959941594357,0.5915712442891479,0.0
-0.16935301763051838,0.11430210580417166,-1.145607964622266,0.0
0.16979751913292426,0.8621413036689681,0.42850588225470265,0.0
-0.38621990548929036,2.3449502719441986,-0.581258571215189,0.0
-0.06307879670506915,0.49643951399208996,-1.5509057630493732,0.0
0.087257980752205,-0.3294456177962388,1.25637688792742,1.0
0.8242892015046335,1.3796732220003134,1.0242236519537231,1.0
-0.45271329511708064,1.687592786751324,1.4167469515279243,1.0
1.1197161016785873,2.2635448363305386,-0.9561055975293318,0.0
0.32128693891873533,-1.4370266994140035,1.4733737109300644,1.0
-0.642481126749871,1.2928325635717792,0.03601873798408317,0.0
0.38673364020325446,1.6724964425333426,-0.5909759530149077,0.0
-0.5270034201986623,0.6955971540706303,1.270818433376395,1.0
-0.23575096986827992,0.8222170748261581,2.788635291333243,1.0
-2.5289475108846857,1.567753554096264,0.5735525508943811,1.0
0.7483241867237762,1.9146566431112833,1.7522315626273022,1.0
-0.8847286012386693,2.1756094807463358,0.9796962084572591,1.0
-0.5899674340661235,1.8621689184981023,-0.9726571262457677,0.0
0.6523101983645719,0.8483100347213347,1.8432368831212602,1.0
-0.6594840624629351,0.5909342068953922,0.16141951761031303,0.0
-0.3966186853856485,-0.45824184628666687,0.4890934078320504,0.0
-0.7665729756746352,1.8421724903224965,1.2918792014178204,1.0
-1.317627725338646,1.0131530365578707,0.6532300277133383,1.0
-0.7863950304118423,2.368105219134521,0.504008795533567,1.0
0.453194204359973,0.5936213100686797,1.1841194893268114,1.0
2.883969251775838,0.4118112248600654,0.8652254071759659,0.0
0.3231095013887879,1.582404264673597,0.49154251379997993,1.0
-1.7236514338073596,-0.02553725476701718,1.0349275937487872,1.0
-1.6500251948243565,1.6689473090641462,0.7803223035037342,1.0
0.40271751266444333,1.59519151467352,0.4551050778547753,0.0
0.6453464430821444,-0.12745914989289253,0.7245144207327693,0.0
0.10571095020938731,-0.0013467840435816836,0.3138183554571319,0.0
1.9979515177687335,1.5725567515972323,-0.8687162010707115,0.0
-1.1577200461261594,2.0658262297925543,-1.1549967992364703,0.0
1.4771353822876396,0.06713905786576346,0.6304209172538249,0.0
-0.031028697570925873,0.9123162601742656,1.1177594707762792,1.0
2.8857517953922764,2.7598211003608997,1.5913309075290665,1.0
-2.2134606073911924,0.9760192381013949,1.7372535126873845,1.0
-0.45619206614093344,3.124745399513117,0.7407422845881995,1.0
-0.05864391264016893,0.12600008005252683,0.37721429973557113,1.0
0.9117965623133085,0.8925358852572144,-0.22747083460477835,0.0
1.5957629012804186,1.9877470273404159,0.011888983083538196,0.0
0.6296948056302356,0.5466003015689008,1.1090995914299342,1.0
-0.8522489506584864,0.9454503706848598,1.5907946273414781,1.0
-1.8463416145538356,0.5875661783860074,0.08453397048835487,0.0
-1.3017565892197434,-0.1360989745400003,-1.2976375781681988,0.0
-0.6615569434901911,3.5492856987737014,-1.1376756241371526,0.0
0.006317661817300752,1.5417126512741954,0.36789996160968086,0.0
-0.378736298456714,2.940622804667864,-0.5418743710911664,0.0
-0.28559377932836866,0.40107737420788003,0.1176596219539775,0.0
-0.9859808115749349,-0.36447657201091066,-0.32353342400180296,0.0
-1.6813868155498577,0.08378006082955958,1.0436279322698345,1.0
1.5248626005482613,2.197417347795924,-0.7225052973966217,0.0
-2.023763530020729,1.0537117476660895,-0.03629036242313832,1.0
0.10714253527293145,1.6151521853927577,1.405065440401044,1.0
1.6525856413988107,0.15718031240007768,0.43659467864602286,0.0
0.48905360189011937,1.7045354278052993,-0.5717355675879099,0.0
0.4137586484133794,0.654974725962677,1.7401898182121198,1.0
0.10342901781618742,-1.1418516144035475,-0.18365014168150862,0.0
-1.1807980275906318,2.1810021618172986,-0.5660552581621128,0.0
-0.7430459223148423,0.1140747504872831,0.0041816648572048365,0.0
0.5273876876287019,0.6982486051130978,0.8556443889265907,0.0
1.3281321131436516,1.2380742569517034,0.6718588251703062,0.0
1.1167682468088798,0.9863111447918531,1.7829097566144694,1.0
-1.1299710458171193,1.758721444089053,-0.5986042355701349,0.0
-0.3029040483924579,2.4996105617043103,0.6461425421330751,1.0
1.9034164161920542,0.6937936056301239,0.04293466093635384,0.0
-2.38861407368411,0.13820082009419365,-0.034393835303058395,0.0
-1.2626042854762183,-0.023198841219426836,1.0384660112416042,1.0
1.7165027742351253,1.179123904699708,0.04403164995503078,0.0
0.32669169909966733,1.6819648840132921,-0.23798870708178566,0.0
1.3263448403293359,1.9270035239969678,0.7130922482503934,0.0
1.3283330921381156,0.789132646027273,-0.17691516582881484,0.0
0.1351177762474505,0.8357469658628172,1.599720527820615,1.0
-0.5857366554551754,2.0326537546555192,-0.28682452225503097,1.0
1.617741961423047,2.7668617516726024,0.526714277801613,0.0
-0.6938752020747251,2.975328171257546,-0.7203869916654786,0.0
-1.1314983848532563,3.527070920782692,-0.23681484165252076,1.0
0.2499136810467275,0.5927984280383471,-0.02833335165890727,0.0
0.7000452723146847,1.0745598107105365,0.4081919485510053,0.0
-0.8105601159173703,2.9998578404574014,-0.290472710889662,0.0
1.2720349278692757,1.123406709415396,0.3552802345552392,0.0
0.06339992712334852,1.0310479520467104,-1.2390992728519505,0.0
0.08649405653783686,0.5089540308843017,-2.174354948547689,0.0
0.6443593624326104,0.8549464390261026,1.3116910518786606,1.0
-0.24481231922778438,0.30364925808961296,0.9490988342444695,1.0
-0.823087860995007,0.597504403030494,1.885783766454507,1.0
0.5845207431072055,0.7518501843363119,0.8284778378142761,0.0
1.1430734254415746,1.7158372997438407,1.8508013650170736,1.0
-0.1734560936216044,1.0319236658900264,-0.3603704762851204,0.0
1.4178789398571483,0.7836384084849242,-0.5154893571166628,0.0
-0.7259753124258116,2.227705493240708,-0.6264854630318841,0.0
-0.601702497867707,1.2668648208089532,-0.5280706824933712,0.0
1.6204683987456092,1.0790257189685426,-0.06957364717961789,0.0
-0.14829295739477777,0.8495119395323381,-0.387961134764646,0.0
0.28675094725200034,1.2859729425182367,0.8074302518646543,1.0
-0.6575191404509574,0.8748151629172987,-0.40416520924335486,0.0
0.07971000908831376,1.4892337648335796,-1.767876921091358,0.0
-1.4363920287788075,1.5923394212109696,0.374817561051254,1.0
-0.5372191508425196,0.13004334547231244,0.7098594845826784,0.0
-0.6514435841992149,1.7644150970416566,-0.5594997311547119,0.0
-0.23003580655162623,2.8847060544535634,-0.04981177998242359,1.0
0.25069797962239826,1.2629482684151778,0.9049290725752024,1.0
-1.6024845301638289,0.9395169849841402,-0.19753059114903904,0.0
0.1503781049950916,0.9221931217441389,0.6252126858419551,0.0
-0.9984660716843727,0.744024785907363,1.979116981117545,1.0
0.4759463602670577,0.8141943978775658,1.5540424748134019,1.0
-0.7858761582110539,2.3190200056340995,0.32771113522813927,1.0
-1.8460295965152045,0.2752426330736748,0.48619422971529835,0.0
0.5844426958957524,-0.07944895168607302,1.2146958272683515,1.0
0.22357751470350606,0.09391322105576194,0.7145340370711344,0.0
-1.4313384494982322,-1.2704132021611114,2.1680351279664265,1.0
0.6877174913431068,2.469208302852196,0.05296566841633932,0.0
0.9692133398427439,1.8466872377493828,1.110818093973621,1.0
-0.6652888855585158,0.46093135842252153,-0.06995179625459014,0.0
-1.4893434370374596,0.9511548129586,1.0499305970570396,1.0
1.3048378295965286,1.5223109585785488,1.3438100462780511,1.0
0.055686488142052015,2.563792608618236,-0.13804073501090508,0.0
-0.7047392202425459,-0.046627379817667514,2.549778771444076,1.0
0.3899429971033616,0.7720405941623255,1.7652993760910154,1.0
1.6850310129308619,0.5692458550881295,2.9944056179800698,1.0
0.6062782036825521,2.897495684900051,0.1347660180185356,0.0
-0.3501200079640903,1.8968935558620044,-0.7961422703619865,0.0
-0.7661022207718267,-1.2362527882016288,0.5463275573108469,0.0
-0.05535106725613376,1.4249128609529444,1.1228215147539626,1.0
-0.20458977846842988,0.09647927419359337,-0.20778800820318843,0.0
-0.28824269480756903,1.3752751708285271,0.5420953186477172,1.0
-0.0899568402734146,2.3144282945889447,0.2944780939346346,1.0
-0.9611185195569437,0.12292029528942472,0.15061946098899548,0.0
0.6595634650916563,1.6790203045104226,0.09062601085072419,0.0
-0.35331772809174306,1.4293192866086668,1.8487878682901,1.0
-0.2728913561712938,1.1839363402760656,1.0588657879489665,1.0
-1.3713232471471188,0.6693561285230492,0.9522332723500524,1.0
-0.5305183143587244,0.718541780996156,-0.14412787386932713,0.0
-1.1300262257452833,-0.1617665339422667,0.66933309281863,0.0
-0.059698139612798386,2.1058364465974257,-0.16189127587285423,0.0
-0.3585044373418727,0.9288296498762715,0.5978638009157694,1.0
1.770668260834617,1.7161109143496656,0.24796530728764427,0.0
1.668179441254334,0.16651835458458797,1.665181781246556,1.0
0.16824138572933983,0.9029802395785658,-0.608371640458861,0.0
1.1631257343736865,-1.2042269200775468,0.3766371227964457,0.0
-0.4391047192362273,1.6299876168291396,-0.3695507065224324,0.0
-0.6080810819389247,2.199332810753839,3.2250208073497655,1.0
0.45076298555579936,0.16052227558875842,0.4598045247242409,0.0
0.8850898918686639,2.5860651416439473,2.52577923393804,1.0
1.5303010308595233,2.8327334301292564,1.4689045577333326,1.0
0.170770931967963,1.7079943796338917,1.8016102245353771,1.0
0.377426024051308,0.21209887079906298,1.4282123550423083,1.0
2.0333233170635046,1.5812629099886915,2.060723423781778,1.0
0.07371157701560777,0.9776432888550586,1.1855820937261274,1.0
-0.22007309599774338,-1.0688904953559129,1.1336131127287112,1.0
-2.340925516401822,0.5801539204535497,1.5173191686261756,1.0
-0.38910754054643126,0.2627378384226695,0.49340179651238353,1.0
0.27650295204355396,0.4147322634616756,2.7812721074024944,1.0
1.1535198870555938,2.2972505366193468,0.2770934759339404,0.0
0.34421346303858386,-0.998282087632246,1.0515401814060694,0.0
-0.8347002345785401,0.1893741877708891,0.6038273621053212,0.0
-0.2885403301648238,0.07050231586873523,0.9487887875734142,1.0
-0.5560681594651091,2.309952323753242,-0.18639586551847953,0.0
-1.1332472710708152,0.8356682677166285,1.5604911834109119,1.0
-0.5296495025503906,0.5791833902570835,-2.093049387823186,0.0
0.28768107786745795,1.8101916422542774,0.6019376472537116,1.0
-0.2805096318513892,0.4222272829135507,0.25678888501322794,0.0
-1.4925201736211136,1.2420458353678945,-0.9130407277334363,0.0
-0.9453346120985947,2.5221528599715186,2.500672024084738,1.0
-0.6563789851711918,0.527086805983547,2.246256318275166,1.0
1.443087583454784,0.08055081523663754,1.5901528926431487,1.0
1.0925633619786013,0.6758498018117005,1.323712608122475,0.0
1.9550554438780816,0.34886948304177545,1.4688868482216981,1.0
0.4202392504617797,-0.7077148903852681,0.4940759277488183,0.0
-0.7404970062580767,2.3521367585609907,-0.14498854209998435,0.0
-0.1551428089500599,0.9313497471985321,0.06767999744410336,0.0
-2.197691926666584,1.892257884749868,0.643860995959659,1.0
1.275597323305137,0.5310128449363611,0.9741248277718855,0.0
0.66839521890313,-0.2047158798971238,-0.3511320881692872,0.0
0.8991245292770655,1.9371915337062795,1.4535866516994638,1.0
-2.2051034645754948,-1.281305792694086,-0.11163107591882448,0.0
2.8097011435732293,1.175845711650053,-0.13075559065252063,0.0
1.8555455403701624,1.1602907498845392,-0.9228495469631228,0.0
-0.3676598535224105,-0.8862883675077626,1.2548220931778789,1.0
1.7812245781622742,1.6526294599846314,0.7375037940405147,0.0
0.5942014265411584,-0.13293433132828136,0.9974278727895832,0.0
-0.24423451883692593,2.040681517963839,0.23292896643031558,0.0
-0.6772836861850628,0.32839217698483836,3.1256144457846546,1.0
-1.1168006401508905,1.9362535725466032,-0.06618238374822671,1.0
-0.5053469214826972,0.13358271469808036,1.897031114430776,1.0
-0.8619219742938617,0.8848436568035123,0.5105366974471952,1.0
-0.5196163599941902,0.7504287423037812,2.7436594507282206,1.0
-0.4829965988829622,-1.3689801750315524,-0.4215808226333405,0.0
1.5190033138842483,1.5524984188665392,-0.19268161369908976,0.0
-1.0600082591583286,2.467155550410653,0.3320868272125129,1.0
0.7597959068113311,0.7913782681469063,0.4517783644053245,0.0
-0.18337459189215918,2.283030774708631,1.1847631554909648,1.0
0.5078271760432795,1.416145975788605,0.6429569524514458,1.0
-0.06162756634039431,0.6851932544096618,1.1610574334671373,1.0
-1.094868489559057,0.6526457363127751,1.8583611934492914,1.0
-0.2980589001770356,0.9199170934097751,0.9946812990997194,1.0
1.3733264119781319,0.07123423915375082,-0.5562806080043665,0.0
0.2022550669003972,0.32174909209997926,0.47798753295194807,0.0
-1.9003696914644261,-0.023936419257180486,0.7150680470083921,1.0
-0.5266982026448499,0.475565019457283,1.0470527975749429,1.0
0.11873192576862872,-1.3053224234261527,1.219991138685963,0.0
-1.2845045596199125,2.356978787668278,0.9846862779838575,1.0
-0.2561154143302568,2.3546263068343696,2.5759505803869307,1.0
0.6668801993571806,-0.013719702437942294,0.6965950690843552,0.0
0.2108731700382351,-0.5523887064375035,-0.6106346720321985,0.0
0.4504456177691022,3.2803112732391826,2.1925906279849423,1.0
0.8841718182048186,0.4615200553426171,0.12332565778650806,0.0
-0.4323863661853084,2.5806598294118137,-1.1847064151587414,0.0
2.135839579661295,0.9879547631467289,0.20891340980975975,0.0
0.5624562546330725,1.7315635547473112,0.7080936834521666,1.0
0.14688445026802582,1.5095493726194038,2.0405555309799355,1.0
1.6862402750755072,-0.17692489125798638,0.31047221770690137,0.0
0.034288605346101064,0.6660900692994269,0.11787463441686963,0.0
0.9727972485358709,1.3086752614486783,0.9567568005510088,1.0
-0.3597035854371358,0.15234508871793806,1.7116386663488123,1.0
-1.5451347924726995,1.6830976831702715,0.8561837348609742,1.0
-0.11846930012185257,0.8733993688740218,0.14567972771762333,0.0
1.6226344780340827,1.4878147649765918,-0.6219892377344292,0.0
-1.2718116679596179,0.7567976849575729,-0.06664127771572381,0.0
0.630742979769623,0.8708267106631908,1.3308526010187456,1.0
-0.9537377215409267,1.4602071054389563,2.1608354030583428,1.0
-0.7640402478085184,1.127711810527028,-0.32918256335976925,0.0
-0.5004744114139862,1.6876259510533493,2.03455299292131,1.0
-1.0372415290485972,-0.14096696114583684,1.086065961267128,1.0
-0.7203819922636215,1.3136974470241751,1.0708166717972425,1.0
0.9114872277854996,0.6977001603831987,-1.5919222459506832,0.0
-0.3783418745400049,0.022168828355971337,-0.0024439301629023413,0.0
1.1137324694427062,0.3297757738017538,0.14555982122624572,0.0
1.6359138753477174,3.929660893432376,1.5249635446624175,1.0
0.8263678474871072,-0.20472252967611193,1.603931098477063,1.0
0.41080891898717925,-0.16329587634885856,-0.21112606864810302,0.0
-0.7776883945882607,0.29851885273995726,1.0167863504871546,1.0
-0.4143994932544478,0.43841520574780135,0.8437170326220349,1.0
1.7475220863842662,1.5398998770150265,0.0048026256110314525,0.0
0.46301689909689936,1.2373762993343234,-0.09186322726051166,0.0
0.6551705283348923,1.0945119991428482,1.683412573203491,1.0
-0.2216084475817371,0.22323103876365247,0.556338944241204,1.0
0.36247267480026046,1.4303578935435604,0.5616076862659278,1.0
-2.8186530025073595,1.827177562356735,1.3621190134296215,1.0
-0.5240201725381137,1.555806472222094,0.20028414866147992,1.0
-0.8570825503940438,1.6675880922360742,1.441755266699911,1.0
-0.646962111575448,3.297885578997527,1.776247945989341,1.0
-0.47009316461768835,0.2807938727137743,0.341931521671931,1.0
-0.5482813446368637,0.30499011765612627,-0.00807986288157414,0.0
0.8451070985370979,0.6358136427007974,0.6041518578063911,0.0
-1.1327291781835451,1.9951843831205078,2.0038046653372112,1.0
-0.35779084437972,1.4392510736941795,1.4761767931804848,1.0
0.5485566605075846,1.2798737574544614,0.9605439023890654,1.0
-1.8155995691953226,1.738950997490185,0.8340913420581109,1.0
-1.1366259127066474,1.336870806186895,-1.43022327109422,0.0
0.9404548194318197,0.9215579371616782,-0.18854089765780924,0.0
-0.7230597875372071,1.814324613537393,1.7140595171215174,1.0
-1.6119503393696952,1.382658561614259,1.3459134704189475,1.0
0.32351256640857523,1.1775907552712226,0.5227257826212034,0.0
1.1092738552242762,1.7463122829548583,1.3493202690407093,1.0
-0.7171971284211488,1.627195631552254,-0.344608668797061,0.0
0.12548690045124972,1.019711066612705,0.8312851879047736,1.0
1.392872207641418,0.634199407259204,2.7751079842809023,1.0
-0.41089883250021403,0.13630486528915198,1.1091057104482802,1.0
1.2619572530223984,2.245524179596636,-0.1045175428606584,0.0
0.2092762944699149,1.0688676210607075,1.4206228636365021,1.0
0.8686502617410066,1.1124868115004358,1.033366264686079,1.0
0.2657401234141504,1.5106942988951841,-0.1255334005329436,0.0
1.1907316086258812,1.6701565503321438,-0.03690477132988279,0.0
-0.8750993854125558,-0.38203472602271615,-2.1192806035910072,0.0
0.5861653271698655,0.23750924061649492,1.1397705674189378,1.0
2.1560252861535147,2.0854940115848075,-1.0795988238989795,0.0
-0.0843840216296024,0.8932163210569678,-0.3713026470236783,0.0
0.7085263301324782,0.8229553633529632,-1.2077448427289017,0.0
0.49356800079005453,-1.2668849557948265,1.4592831641658774,1.0
0.9973927328851383,1.123728792700547,-0.19870881191518897,0.0
0.2903212246960919,0.1292807904515405,1.9456183940991385,1.0
0.4949902726326138,0.15483353446189874,0.23718696620154173,0.0
3.1974829539733727,0.9989411576629187,0.12170254727465185,0.0
1.0110108162654712,0.36656994961647427,-0.08560616456922454,0.0
0.7771447267055485,0.2314938855539157,-0.7970277152025405,0.0
0.7375706675328788,1.7529184295240166,-1.8061829411476138,0.0
-0.809273033397095,0.7630659545330272,0.8239072506712228,1.0
1.0720688438114894,1.0864502400359768,0.6236997379039125,0.0
-1.0622293344492408,0.1652960152464863,1.3983820725024065,1.0
-1.1004879462237114,1.6338708137850724,-0.41527048466399286,0.0
-1.297471755359271,0.5677882469469254,1.559455516811933,1.0
-2.1595920504682318,1.2736075032324234,0.7178924553288528,1.0
1.0759409181533681,1.0693700839565374,0.9666519963820326,1.0
-1.5287869947378168,0.07436160790220847,-0.16313298126150144,0.0
-2.274070053731467,2.1667980284973485,-0.22493307763488368,1.0
0.7411405179848544,-0.002013414260724433,-0.23166504185827386,0.0
0.5963143554325262,1.5363444440333103,-0.8792256161349219,0.0
0.1390867505544731,0.9354869044863423,0.4047270976572791,0.0
0.3379535699933314,2.5807860908438993,-0.1953396335230776,0.0
1.5870889370740489,1.4004381148794751,-0.14181458755874143,0.0
-0.6926221975020497,0.4372441199280809,0.03051330192836338,0.0
-0.9429787966287079,0.6413468490458252,1.0813591730005885,1.0
0.11220827271785544,2.5988127102205736,0.8043056795951273,1.0
0.9287687328933728,-0.8900642410139921,1.4911844589581342,0.0
0.5476098176306101,2.3874400614164744,1.3696564647003973,1.0
0.5418393251037328,1.5706552646301977,0.2322573192627983,0.0
0.39242735549607893,0.28736996110167357,-0.7510825198094822,0.0
1.7893962060023398,0.614572624975954,0.16062280000205992,0.0
-0.46537678392965254,0.14560192456468224,0.6784025992531697,1.0
0.23731164772086588,1.7427861661062982,0.7493099859750759,1.0
-1.9315293250980572,1.7929518975841816,-1.0376848226493998,0.0
1.3897142939008622,2.183655926955418,-0.7378703950205601,0.0
2.135545601595113,0.8332789569870643,-0.21696757931790955,0.0
-0.4438538195629017,1.6325447969724978,0.12951124482228182,1.0
-1.9260882651788052,0.010488853126107478,-0.5938410824485512,0.0
-0.01527361681359736,-1.2724393778493805,3.0707645107660437,1.0
-0.055598926892828825,0.2908599055367327,-0.24488917332985827,0.0
-1.1604505895963486,1.294422089039782,-0.5099153635800724,0.0
-0.08405908275243704,1.6364125215344347,0.37968357159559596,0.0
-0.29672975912512006,1.2543420370586476,2.1347076109296754,1.0
-0.7216707082208504,2.021925196114595,0.6929950058983005,1.0
-0.47729389928282157,0.728330198329405,0.2524814482287492,0.0
-1.1322412716856916,0.1889777094596894,0.3952639420106692,0.0
-0.035928362941471184,0.3465276777386924,-0.31545786921723773,0.0
3.2529008023011587,0.677691250279614,-1.0958813690320397,0.0
-0.9471392661729446,0.5338442977838747,-0.6963099714035128,0.0
-0.6788102101595077,0.7718452034166157,-0.9737655176136435,0.0
-0.8116419957449114,0.906826473057896,0.6125042623313683,1.0
0.09207904862564407,-0.3867146526153864,1.3282908984570212,1.0
0.009430420454783334,1.3841643649613156,1.28312203082146,1.0
-0.028677866459869465,1.5748209312636592,0.27914851537494256,0.0
1.483178916134393,1.5384714676400844,-1.43736462781153,0.0
-0.7742446220627313,1.9863681649066736,1.6375377820834534,1.0
-1.328483968518206,1.9314007484353164,0.9152987016284748,1.0
2.565917360177608,2.311090918571927,0.295704490059415,0.0
-0.5277830403219427,0.9437535760626184,0.31273323549742815,0.0
0.41535786515366985,0.819676675512076,-0.7377573117811096,0.0
0.40944806598520256,1.9710150739398404,0.5558933601035074,1.0
-0.13442562190597213,0.20649172076946432,1.7485130631114325,1.0
-1.1446482896282357,0.077150406806899,-1.0573740255791648,0.0
-1.153885792720572,1.4979084120709738,-1.8382733867223569,0.0
-0.7735959733304064,1.6807164316349166,-0.2210278452213854,0.0
0.6232216740312264,-0.32832487309614633,2.3356854615940046,1.0
0.596469164632437,2.11694972800202,1.4528680909775429,1.0
-0.5457976028267867,1.5450784715193229,-0.42753200328798935,0.0
0.5568882027647745,-1.6545414330136725,0.25071237636734145,0.0
-2.533714900686942,1.2060416564849459,1.0416161166668478,1.0
0.5219979705833208,1.563949339433897,0.4418101450776504,0.0
1.0778035873134737,1.6791380636681086,0.9925622520270596,1.0
-0.10405164557505987,1.0753023758107896,0.11534401717533077,0.0
-1.6645104329617095,1.390584260761245,1.8925260779906183,1.0
0.16841451395907342,0.6074312241204001,0.19770068097699656,0.0
-0.5383113936858084,0.5945505247412164,2.808417411264717,1.0
-1.161481950236712,1.365229811440301,0.11235348027689224,0.0
-0.3210757152521994,1.1475358088758514,0.8203214384546915,1.0
2.4540699865725952,2.48165499306989,1.8912563489889982,1.0
0.6065672606903332,-0.3270484988969211,0.1928956863420509,0.0
-0.9436975883785224,0.21212980903115364,-0.541432014546035,0.0
-0.9819405159147886,1.850917690412449,0.46235516839469515,1.0
-0.10897822398419477,1.2702901295410003,0.7317142588603143,1.0
-1.5288911390500588,2.486406319036018,-1.1282177718096182,0.0
0.8515169424047723,2.5754546206896403,-1.251877375915603,0.0
-0.6674561400646665,1.622816070509844,-0.8767317701133801,0.0
2.257105652325047,1.364925880174055,-0.7768418032135684,0.0
-1.4794523507233939,0.8314474787740446,-0.5534077869037715,0.0
0.44210387411914803,2.9197425585151304,1.4729328493326022,1.0
-0.1293144508869995,1.6322480767243195,1.1500211894577177,1.0
-1.0413287186178035,-0.8994347398217741,-1.7513351691435166,0.0
-0.5091252178684762,0.5226311428736086,1.3826732417762102,1.0
0.2220474489058974,1.9023035325256057,1.004730196455787,1.0
1.27770675903322,-0.9186705146349801,1.7395346950463286,1.0
0.13276628757162603,0.06583625713664898,-0.1753613928234674,0.0
-1.1173468591748723,0.08066131647840691,-1.1450597503739999,0.0
0.49964503885837985,0.852060223362806,1.3010132025641554,1.0
-0.6561683914188803,0.2696567865330124,1.552612213798156,1.0
0.20588204620130146,0.29105625528932455,0.22249128111591865,0.0
0.5253208656130269,0.8973625964919587,-0.9718024022204228,0.0
-0.1720016407720518,0.9651473097994837,-0.6259395963309522,0.0
0.11353638062792963,-0.8022338122384196,0.5779453983935576,0.0
-1.6455630924194975,-0.08327246061056948,0.7739197090752139,1.0
-0.22261666691449442,0.32870143453414624,0.0751127917517661,0.0
-0.23156601234163043,0.7479599004994462,0.46001472268106003,0.0
0.08845019567417375,1.7332010817000087,-1.2952223314367777,0.0
-0.8608340520871763,0.6407155426018845,2.361507979129387,1.0
0.07567969491410388,1.3167175965897893,0.3591180329348906,0.0
-0.7959490828613497,0.8042235368546027,0.8164135992879402,1.0
-0.8404959717607442,1.6950459152988784,3.0743774170572635,1.0
-0.03850183629652526,0.11681890661731753,0.36738534618279395,0.0
1.245927327198678,0.9707846493839045,-0.7447555297812523,0.0
0.7090071647807351,2.0932651544462924,-1.6179586882142183,0.0
0.5546032137785528,1.373804500701193,-0.4447523971864591,0.0
0.6579063466555688,2.6907271573797713,0.6979580733887248,1.0
0.46313191383624364,1.16805519074751,0.6433734811754914,1.0
-2.102572569565361,-0.5345185879811143,1.0422009876544758,1.0
0.021137383803465484,0.6086572603173284,1.6754220486327704,1.0
-0.1624128633612627,0.6703240099249042,-0.16989991355050937,0.0
0.7957538616832794,-1.065460023750255,2.147952189709815,1.0
0.7916568619310699,1.026047949725217,0.619804038949892,0.0
0.4003349452088214,0.46715874111243905,1.0515228283280345,1.0
-0.04328498355773543,1.8360216198318238,-0.6019079628019965,0.0
1.8392396126142838,0.16072128032654787,-0.4032612795228153,0.0
-1.0360155745433912,1.3584184300730975,2.111327815293458,1.0
-1.1228714088538807,0.9942637038353526,1.178597507144512,1.0
0.7355141369648618,-0.11632983193235513,0.07850208407845943,0.0
-0.8111909845152905,1.5133516206804658,1.0596049961465583,1.0
1.2372073277017173,0.9702325092916011,1.1416766584030618,1.0
0.9613836526151365,1.0214268500290347,0.23770966101220975,0.0
-0.8915907659902134,-0.047085384451080126,1.2256572920466966,1.0
0.8819141124077602,0.7542592249855055,-0.17579861857834833,0.0
1.2732961690694489,-0.6422409059255298,0.6134257695925773,0.0
-0.7695159796932176,0.01941778243012615,1.6710835036186504,1.0
-1.022439014153252,1.632380168803068,0.4412006900033145,1.0
-0.9621286662467072,1.8865990603268918,1.7650377385436393,1.0
1.9715212116479575,-1.1945088030446969,0.44256652662650947,0.0
-0.5245170611148295,1.389761526766927,-1.3915231712948801,0.0
-1.422653305437163,-0.22086001827979684,1.5533466475472533,1.0
0.42840060230529514,0.5070442831341815,-0.3806309088471742,0.0
0.5922088885647733,1.2968291913362306,0.33532019718255734,0.0
0.2809370647501584,2.555888799783944,1.2458685849761908,1.0
-0.13393665804209826,0.777857291686225,0.9305218075214539,1.0
0.41024752258201114,2.457891544806671,-0.7523484066972168,0.0
1.3078130817146612,1.5956840523360536,-1.3473075659892315,0.0
0.05745400435124221,0.5812748160836652,-0.25013236801715566,0.0
-0.35339746345380346,0.4552308863316099,-0.19087574507093374,0.0
3.6952997783501327,1.254068338275172,-0.14971245692424084,0.0
0.585573607109268,0.7340284735551461,0.4211708020676232,0.0
0.7279390358755751,2.366949742955891,-1.1668805022599866,0.0
0.3378011936961395,1.207915334648738,-0.9988550541024916,0.0
0.9240925660100396,2.1091997672102103,-0.32737259275276975,0.0
-0.8323621287038554,1.6853887592652912,2.5545326852812407,1.0
1.3910864838548966,0.7190767938798356,0.019424037468424638,0.0
-0.24394028298366904,1.153831108844721,2.4209391740285784,1.0
-2.471385542282654,1.1798731371545326,-0.07950730067291922,0.0
-0.8735195279560218,1.1659725307204443,0.628640790348536,1.0
0.004739821932777123,0.8554550431619248,-0.45528856459517175,0.0
1.4737155224727905,-0.6829282968038337,1.2205167404505213,0.0
0.25820545739708217,1.7295539837812797,0.00963678148414876,0.0
0.15571555789835304,1.1447498147110093,-0.056011632886954654,0.0
2.035112955294972,1.665716802751868,-0.6608780143872193,0.0
-0.2272470773680726,-0.14556050776555418,0.406176583793659,0.0
-0.38713935944426353,0.20827777303795314,1.301759770989161,1.0
0.141568200123504,1.1194444984223024,-0.09471315063907548,0.0
-0.9110894569987914,0.7859356951706786,1.5320175821509128,1.0
1.0826263769551498,0.3101567268646558,0.6018913548181816,0.0
-0.7470853046062996,2.7887899813212824,-0.19989800116214362,0.0
1.0263267172366544,2.182048226623641,-0.13984126922496176,0.0
0.6930439757683763,0.26460152665093506,1.9324451728810224,1.0
0.002039989312795594,0.9475769259324843,-0.9916482971486642,0.0
0.3503493253178818,-0.4304583513209488,1.0636399400377983,1.0
0.13284630812697834,1.6400652771209987,0.47545869938085344,1.0
-0.038054654908441364,2.6540693588717,1.5077215829577184,1.0
-1.7790052198085884,0.9853755212560104,1.176249799372594,1.0
0.21076381406530023,-0.8618023512041566,0.7773460749128964,0.0
0.11957236699383392,1.0923030871142607,1.5209239802272385,1.0
-0.5123607632950907,0.9589925441384436,0.16002222442097525,0.0
0.57406693541952,3.6628271918309028,-0.8683019563925773,0.0
-0.5927440624976305,0.5014970118196393,-0.9491328383391289,0.0
1.0479255394356404,0.2902887925294656,1.6101865526683756,1.0
1.7212311976518058,2.6427267909939456,0.9260410702886961,1.0
1.8922403900043392,3.2255099612336893,-0.3836138953907986,0.0
1.0286079931145995,1.5872594680978844,0.04813560524831095,0.0
0.4742240303458316,0.9042739139608348,0.8676734763047536,0.0
-0.2759071848328467,1.7257751086155197,1.8525883572448814,1.0
-1.7155404770963167,1.6894265106536128,-0.21721011226228493,0.0
-0.6258061948132327,0.9513790548476747,0.21647809354838982,0.0
0.020754117929975585,0.39938071891117477,-0.6833638011279208,0.0
0.9812209106546904,2.0562356622512707,-0.8510974100758113,0.0
-1.1927082123484898,1.905906455689776,0.3896624874187348,0.0
-0.9668870356169144,2.569733382257292,1.594534222872464,1.0
0.962437095583402,1.9067008120971058,2.260272718281878,1.0
1.0176284959132584,2.6418534367248823,1.4787815967593494,1.0
0.45187539696617784,1.7517268573418665,0.9596208416025718,1.0
1.2175215926968426,1.4188993068109492,-0.5340715190019967,0.0
1.6461506538132258,-0.19436828147964103,0.2556538749954026,0.0
0.8905795299551568,0.41335447845412776,0.5305319423519042,0.0
1.5141044751068355,1.929379717995659,1.091565312137346,1.0
0.14073031758718677,-0.5214526807706006,1.521842667698157,1.0
-1.5822767860023326,1.5095145953119626,0.14312298838434961,1.0
-2.2175685002493553,0.40831788212180475,-0.7565064162970065,0.0
0.670571381059279,1.099243028830497,2.094776988655039,1.0
-0.9412733772954048,0.2614464670198474,0.6976274215124103,0.0
1.3557367974480028,1.5383065810535186,0.5355164725945154,0.0
-0.867003744799122,3.1780893391993934,0.34119961693711265,1.0
-1.2309562517581967,1.2753602396027737,-0.26888106313369864,0.0
-0.9792940772146265,2.1373522391416646,1.2008739180657806,1.0
0.5920515593160753,2.259879376516994,0.6322846980257473,0.0
-1.2663524708219718,1.2190870182123874,0.48819985579353914,1.0
-0.9253439813451969,-0.2524149439011607,1.9930226357142633,1.0
0.7854764528549868,0.09728354616679014,-0.4333172012444224,0.0
0.5045797654704761,0.9636311660893861,1.356155556836564,1.0
-0.051342912704208085,0.67045696736647,0.9548291714968719,1.0
-0.1594703264438506,0.325668814513697,1.0601231610303146,1.0
0.9889128942913799,0.5538519671965221,0.07211766736436986,0.0
-0.6510789642920245,0.06148071794424437,0.8811729289434312,1.0
0.9364639460195264,-0.5928398829912223,-1.613494174527808,0.0
-1.7825335343918676,2.444944865457942,0.8657444912585379,1.0
0.8446652659045594,0.40910169553394404,1.4834949021399821,1.0
0.5759844406328872,0.5787924682695962,-1.6752608562496487,0.0
0.8790187243834333,0.3775741541448171,0.7749149959814443,0.0
0.19290973969550157,1.8322105519422052,1.1142851481201328,1.0
0.8851025149493374,1.488432208290717,0.02243174059106845,0.0
0.3764827219613796,1.254587333924157,0.23096215851840568,0.0
0.1273419395036818,1.6865082699832734,0.19726126262701915,0.0
1.0800426342444311,2.5322652490069837,1.1914348836708955,1.0
0.4049321078802233,0.37589312350564175,0.072216270012749,0.0
-0.5969293929158517,2.22466405521239,0.30721921148649234,1.0
-0.44838400048471444,-0.005297599943294928,0.7061806107107882,1.0
1.4362901237563246,1.972982695178172,1.8742180951336622,1.0
-1.2577357193446648,1.442674722668425,-0.6052352429148984,0.0
0.751514201601818,2.0575306323740596,-0.0007833154550767052,0.0
0.45993715118448286,1.656010508893778,0.5054110405774603,0.0
-0.737470633061621,2.118890257211677,-0.5883669920250287,0.0
1.1835867409108132,1.374781943933343,-0.5219953285263044,0.0
-0.20161303094544725,1.5008709554970783,0.41545621823039,1.0
0.06581590910791382,1.0101823012052527,2.2798243766533455,1.0
0.09721144394744807,1.2745242951730753,1.1114749324736095,1.0
0.3445533288016556,3.2414953786592435,-1.5846391324541869,0.0
0.29278037857569916,0.6728193302538765,1.7374525408589556,1.0
1.0699691016892268,2.6795083582836288,3.1116720650317333,1.0
-0.3840869293209991,1.4044516683646118,-0.7467714707036099,0.0
-1.2863441677084697,1.1680772018666437,-0.862046957534967,0.0
0.5090308956583095,1.3658665739801537,-0.5101818427081926,0.0
1.3308530886738394,0.23895564357359123,1.7702174634982397,1.0
-1.8420765927960854,1.4955700482049656,1.1277206416217667,1.0
-0.28759791546421387,-0.058561706081739606,-1.70224147187092,0.0
-0.5300397580425709,1.663994708747774,1.1903518195188416,1.0
-0.16525156924899573,-0.42387390325478314,2.2508021778248386,1.0
0.6101809585146623,1.0219834037115407,0.5505224694008461,0.0
1.068809358298806,0.46937176825454974,-1.077757912047736,0.0
-1.220352388121859,3.1045309968729025,0.12666302330754575,1.0
-1.256736509931358,1.67702986849365,0.4367057612344979,1.0
-0.7854454500269243,0.3403335330147502,-0.4920219309311785,0.0
-1.3480593072410196,0.4781483073133779,2.9473464215266993,1.0
0.12593047317490033,0.22652767098294058,-1.1255296971778601,0.0
-0.8496028332724122,1.985463421831493,0.8521374014433487,1.0
1.9025139205319999,0.617967475461183,0.013148999327211752,0.0
0.027027199178539327,1.3658816423631412,0.33397138186590525,0.0
0.5404022758199989,0.7764017729088989,0.7617010365210661,1.0
-0.8788256991222697,1.2233815244959894,0.7759418990779068,1.0
0.06464925530843595,1.25129617537816,0.2610725438825969,0.0
-1.2588940133861541,-1.5055621691037677,0.16082920347509944,0.0
0.48349270599591304,0.6676215369121687,1.2942499554780702,1.0
0.06333222100800502,1.5545025154210301,-0.26190257382497273,0.0
-1.0742220300731438,-0.24990631452672774,1.4028676909648012,1.0
-0.40831520780284386,0.6662427255536538,-0.5860944718884409,0.0
1.079404273274736,0.16607064526041382,-0.4066933774116075,0.0
0.47914430143706177,1.4244435158204334,1.4966835305932786,1.0
-0.4585623717703026,1.084760264489066,-0.25178877030570324,0.0
-1.0602489433219269,1.6105405603036862,0.9062710343372804,1.0
0.06945486058985327,2.924729522037942,1.9539247011274994,1.0
2.0862381838376853,0.660984970196043,-0.4472427030108499,0.0
-0.10187157236010005,0.435030074827375,0.21946456847164836,0.0
-0.3366562187479558,-0.09411240185077907,-0.03500479966104386,0.0
0.05140356784039861,0.5398460419834272,-2.519478289127564,0.0
-0.8034789084221933,2.0155312441539968,-0.3423798812727651,0.0
0.6029855042946175,0.9788731383385312,1.5596196518981214,1.0
0.5935863876326577,1.8621616676795987,0.8015015601554714,1.0
-0.48152007909040134,1.1221333653798125,0.9667625263465448,1.0
0.29207422144612344,2.190503274520357,-0.6644960047852317,0.0
-1.9118384764938943,1.5767659350881928,0.8129448076130652,1.0
-1.3664558272112886,0.679053820290082,0.4678125705121077,1.0
0.9242571884155808,0.8946981116459658,0.3528636205907675,0.0
0.7639739519567249,-0.7750661246399277,1.0439800733216287,0.0
0.16920718894614695,0.07398359179777558,0.4761234027047156,0.0
1.285165082287723,1.3650106012040084,2.457147485251539,1.0
-1.5246206669302385,0.4773752010621536,-0.30274940323322486,0.0
-0.5154219727994211,0.4377180262973963,-0.1457140460803893,0.0
0.5944669002646673,-0.14899631952473547,-0.3191788097193523,0.0
0.1834038489640686,2.9331494051476352,0.5633971916150959,1.0
-0.13231336136075628,0.38685271368680896,-1.0652686351165574,0.0
-0.97217252028459,0.8272854380146653,0.8318117528760616,1.0
0.7176342868325969,1.9238046790574792,1.2087684072732814,1.0
0.6326611553098112,-0.661077645229176,0.5315288855024003,0.0
1.6090347711218371,1.4717776148028352,2.5468956858442504,1.0
1.2229795703374287,1.6293960998434667,-0.4902737266289515,0.0
0.7855210421731049,1.744750904240967,1.1048503597711237,1.0
0.9479135293583886,1.0291982422761123,0.3467050005878022,0.0
-0.808253278056905,1.7148458150529693,0.5383700238113359,1.0
1.0886277258418602,-0.4201810549223448,0.6977361267822346,0.0
-0.10630799215816454,1.017770628222798,0.8564411121235358,1.0
-0.14474255579499676,-0.2525300719713104,0.6709917320280397,0.0
2.7763254588000312,-0.22007837390478557,0.15846925667514433,0.0
0.45476536272575707,1.238425712064558,0.3833924666949178,0.0
-0.48053705721973694,0.8585502070925108,1.2461143573591915,1.0
-0.2324492035301729,1.8550308458376978,0.4178204442314179,0.0
1.227917194888763,-0.014912045053363965,1.0826351796035163,0.0
-0.5605490108921727,2.5188709127713413,0.979734539215722,1.0
-0.4848700259763014,1.1855232233285076,-0.14758970269248883,0.0
1.7643068907799073,0.23765482279388062,0.6583505914466949,0.0
0.9389037772943867,1.6290985070965913,0.17616748501361895,0.0
0.9517123999002982,1.2018708184922913,-0.6791149052826604,0.0
-1.1102859959976457,2.1454614336543854,-1.1270171962609803,0.0
-1.016235867126816,2.6557042382271825,0.9480092560521237,1.0
0.6324830961433667,0.6706127129423922,2.2609482909501004,1.0
-0.2731028334753048,1.9264851954567819,-0.5789857112125041,0.0
-0.580865395477609,-1.7290443570897192,1.6020000973238673,1.0
-0.484610482060817,2.143988351254438,1.0991729916158208,1.0
1.1171287573337647,2.6302750092650244,2.257352397931975,1.0
0.19216480176474013,1.6628117661526611,-1.5629441646040836,0.0
0.4435442534411382,0.03378634561547422,0.68686589206271,0.0
0.43966891204060843,0.8153537700939553,1.8034169184403073,1.0
1.0139442850591336,2.1956678167282275,1.405026418953383,1.0
0.5604533970480537,0.12296674729495849,2.038379851802693,1.0
1.7335413254921535,1.3378144291969205,0.25922060878000297,0.0
-1.3836466853338705,1.2762461940304475,0.6677539444128301,1.0
0.5209334119987634,2.6719726008266136,-0.6365518925887945,0.0
-0.6796747635067687,1.895765754725068,1.4382279927349255,1.0
0.7930605524518372,0.9576176422737199,0.44294130817333927,0.0
0.031216052991360762,-0.3208173667695051,0.2810015189687354,0.0
-0.42039445805125514,1.3100086777490647,2.680496319638774,1.0
0.6696772854660646,2.2990494852142005,1.277973085520803,1.0
-0.5369847731644571,0.8191409546280685,1.1254161731374435,1.0
-1.4107230271446614,-0.7136969019583213,0.2920707285517357,0.0
-0.4432442621231197,1.2104480224635705,1.8371703539009159,1.0
0.8499909381531157,1.6554100699036138,1.0179461774231866,1.0
0.22641983526200565,0.4759305798988519,3.2347220680651043,1.0
-0.34408047191205804,1.5732667698824925,0.6918011993362733,1.0
0.5338752201638095,1.1425980424631552,-0.3295259483463495,0.0
0.24350121915887402,-0.21423044904284194,2.640719635848265,1.0
1.3568188596698891,1.514679645052187,0.8248884222147332,1.0
0.7496886609970755,0.45736552783302775,-0.4077853251360676,0.0
-1.8344258214845997,-1.1897005577491768,1.3300700962365735,1.0
2.114972180111325,0.6317188961577402,2.4408210391643,1.0
-0.8419015179841862,2.689279695660335,0.14758812284480566,1.0
-0.12169176759295995,0.8451240105465929,2.9725130171322265,1.0
0.3679205193485643,0.598603292280121,-0.7854017963577087,0.0
1.624561836467517,0.9332639811806738,0.8289996944564295,0.0
-0.28519943718191715,2.015068078715487,-0.10034432764350398,0.0
-0.22476104884445314,-0.5619454906072574,1.0183963822937636,0.0
0.17884920877518767,0.544598303998991,0.7954407593858668,1.0
0.5438110446247724,1.241078922534651,-0.9415215016608294,0.0
0.2502178683621191,1.5222957480920298,-0.10348124002864012,0.0
-1.590448585076191,0.6661568247625917,0.37785641140750625,1.0
-1.1820949222971797,1.548600643491337,0.7073490278895612,1.0
-0.40800572079704767,0.015290842561425766,0.44674614039236293,0.0
-0.542557289278743,1.0949825066140755,2.339971482905886,1.0
0.29505979145211914,-1.042499754030473,0.6777478904152203,0.0
-0.9811605302559214,1.579430689127921,1.5475864823232,1.0
0.35384034605852205,2.7583556507338916,1.8239304992040541,1.0
1.7223972327686636,-0.6114291773243108,1.2811876559567983,0.0
-1.943568898471209,2.797572805047519,0.2125574466901391,1.0
-0.01667833844315343,-0.6125403234856799,1.0182024680825486,0.0
0.8290558829961522,1.7413309178765322,-1.0378931704299477,0.0
-0.362006277249694,-0.10325516047591399,0.06567234999350524,0.0
-1.0682041983192245,-0.8433302877699238,0.22725175198195835,0.0
0.3488053490863389,0.1399056505708144,0.15393745842698986,0.0
0.1419471025452551,1.098267336039669,0.6353755172056246,0.0
-0.21823473396034013,1.380753010111106,0.7387255314389622,1.0
0.13454766011679728,2.639710599493905,-0.11448513941461103,0.0
-1.3590305596230507,0.41272148738393866,-1.4435556958049454,0.0
-0.21788449197404788,0.02474144101386022,0.6843759532156277,1.0
0.11425073663180842,1.8443467794344977,0.329177943616443,1.0
-0.30948092562896473,1.4542808191914003,0.8060751549116735,1.0
0.6761459549434247,1.8564699279454369,0.29090628087833764,0.0
0.665785498633312,1.3217034422101788,0.994382418667836,1.0
-0.5947936852906712,-0.11874629342765064,-0.5976119097046964,0.0
-0.27444347957018306,-0.45997095374487773,0.42329382102274293,0.0
0.5397480768896284,1.3908860698692769,-0.38100361234822844,0.0
-0.5130851371053993,-0.2452219420652897,-0.8947611590235895,0.0
1.5806695869774903,0.9993279620150901,0.4163058356624393,0.0
1.3675180294726665,-0.5820542590986817,0.31724220797437297,0.0
2.9492855374096734,1.9639575319355083,0.6574353015012195,0.0
-0.7690873631719648,-0.1812334748461104,0.8535715383323811,0.0
0.956346932713027,-0.5133217667667775,1.2881870169027756,0.0
1.04824906045827,2.57465538942236,1.5170253989547804,1.0
1.9496533307886716,1.370245313756097,1.5010282763901057,1.0
-0.14302139975791656,0.9551378085659169,1.5771401217547978,1.0
-1.3833498058301037,1.0025279239646443,1.076313638239788,1.0
1.433803197924469,1.8030227398150132,0.3929723567599829,0.0
0.2507251848199401,0.2551860092624172,1.9801376315014358,1.0
-0.521249070582926,2.9355886489317684,0.6234918533973827,1.0
-0.1969991164078336,0.34188665878928237,1.8030715383083207,1.0
-0.75956032947863,1.925912279168757,-0.48946927996527767,0.0
-0.23623684340347365,0.66537966958226,1.7239577433935098,1.0
-1.5668432870856983,-0.22848936243897988,1.41634917910656,1.0
1.2717942682817653,2.032383087760309,2.580616713517142,1.0
-0.6152062076493705,-1.4535662053048548,-0.2083325520375795,0.0
-0.4411144809679514,1.0119483294985767,0.39986218921683336,0.0
-1.513449097786955,-0.20164514430770097,1.6522960518447183,1.0
1.9563702519337351,1.2506210407541114,-0.7875486268574527,0.0
0.5440546781879965,0.023664236911437708,1.3571913894615482,1.0
1.292514294557284,2.4746662077841246,0.2147516553290823,0.0
-1.1948064341746663,-0.9011197332287124,2.1671130760643074,1.0
0.20898972573566402,0.9622004705771469,-0.8929278878016753,0.0
0.3368981950450936,1.1477665417495444,0.16700658281304626,0.0
1.7727142034705503,1.1500904237148732,1.6225588706459595,1.0
0.8413201943874591,-0.8428646722800086,-1.5092545625599945,0.0
-0.707626055897175,1.6018839402809353,2.3151234313297455,1.0
-1.000028927927789,1.2449174036380917,0.14311010230842164,0.0
-0.9680396565200954,1.8260713388575298,0.8388469791390376,1.0
1.582552494087487,1.0098668734730953,1.4534203375812438,1.0
-0.5552469227740527,1.522770323556712,-0.5407069691024984,0.0
0.00048299060133975326,2.0035073370534753,-0.7488077336524008,0.0
0.07328162495380929,-0.3741109817047519,-0.09907844859612769,0.0
0.6727425360323672,1.5603262261902677,0.5047635817105,0.0
0.18166179174550157,2.4210483234928644,1.2443327100292891,1.0
0.6856419731430565,0.3059280119719464,0.02527199146818576,0.0
1.2582382206409954,1.4019588706831498,0.8620389138702902,0.0
1.7263963929112118,0.097595576097394,0.08676663350252356,0.0
-1.4456540943517122,0.4755719740561398,-0.8446697374620908,0.0
-2.480287465554709,0.8369098633309604,-0.014786737094712343,1.0
-0.5304094280300458,-0.15862067036493666,3.2226579854933752,1.0
-0.2879126895937779,3.7638556426243883,0.6041662874106334,1.0
0.8928517443370074,1.7447134032980525,1.0876388752337978,1.0
0.14460914761244043,0.5877008938903823,-1.8136583121609977,0.0
0.3324952621787114,1.169310428037213,-0.29378077814296677,0.0
0.6627323963423138,0.6391121321768501,0.5207112396271397,0.0
-0.7941234753550339,1.8802363021932997,1.1419632576038623,1.0
-1.4213378394308855,1.597857713334496,-0.808906920021401,0.0
0.34472059018565304,0.23953062184174023,0.3593227277143773,0.0
-0.600455406863254,1.6077192689730406,1.0614393396589403,1.0
0.5758643380026099,3.3036455913612075,-0.8521850848224095,0.0
0.40210659978009916,1.8990413385545435,0.08942387807738067,0.0
-0.9382963538204352,2.4500512216749324,-0.34628154014508905,0.0
2.403227849746885,1.9245445397828729,1.6326544341391687,1.0
-0.5931063550125552,2.5138219350025444,0.9411823253796442,1.0
1.7295916255415493,0.8692725771786127,0.5705517775160157,0.0
-0.8587971088986452,0.912923186778269,1.5218105803276376,1.0
1.7899511444030378,0.5582879034640674,0.4168591727661338,0.0
0.8204867606039337,0.46290390985672525,0.7929855844016277,0.0
-0.053153311160889775,0.04547179677141899,-0.7962325529079044,0.0
0.28922996107465865,1.3941213624343942,1.4574408494931212,1.0
-0.8347735000559878,0.2777426345451772,-0.019789900636657753,0.0
0.6606103406973491,0.6474925493539121,-0.012561938428031993,0.0
1.7834974202272331,0.9678561273158497,1.4964032938239826,1.0
0.2563608162224948,2.675584519358991,-0.540844033605032,0.0
-0.9075141058327602,2.241582320482343,0.7699774455987329,1.0
0.7305726548737476,1.328922748841534,0.8870369369954381,1.0
1.2506267841469898,1.2595430091883983,1.3358459997033396,1.0
-2.554814050397111,0.1245037123416779,-0.7595523882418678,0.0
0.568989816200262,1.3629513831119868,0.2550683420652411,0.0
-0.890627187960851,1.227460856770599,-0.858874202170808,0.0
1.1208866152739076,0.18772133064093177,-0.8654998780993912,0.0
-0.20106018519975216,0.8058617248044779,1.2614609058505148,1.0
0.5222339347763687,1.4366211902141397,0.03617863708704527,0.0
-0.4303966068454211,0.5605416400400614,1.3445375760837508,1.0
-0.34661930103527633,-0.8550623188238975,1.8376655897119476,1.0
-0.7167619828597596,1.2939662108682466,2.0823697336020466,1.0
1.2777781023739858,0.6809843149298143,0.28527177217126576,0.0
1.5668464460560432,2.6474738430928832,0.9098388344226647,1.0
-0.0015227145401484246,1.4034986202367132,-0.0206128104740666,0.0
-1.1247227521080672,0.5839365347932164,0.9987641057674319,1.0
0.07212492808792567,-0.9213963222948693,1.8682078241753455,1.0
1.4363634524155202,2.1318256004478195,1.1577079271066337,1.0
0.22260596043089323,1.3318763604869934,1.8096961973406098,1.0
0.04613231639449186,0.12649324725869904,0.4442550733488027,0.0
-1.4931085495929537,1.0085705787371178,-0.09949886342081771,0.0